set names utf8;
drop database if exists zhsq;
create database zhsq charset=utf8;

use zhsq;

#用户信息表
create table zh_user(
    uid int primary key auto_increment,
    phone varchar(11) unique not null,
    pwd varchar(128) not null,
    uname VARCHAR(32),
    email VARCHAR(64),
    avatar VARCHAR(128),        #头像图片路径
    gender INT                  #性别  0-女  1-男
);
insert into zh_user values
(null, '13501234567', password('123456'), '秦小雅', 'ya@tedu.cn', 'img/user0.png', 0),
(null, '13501234568', password('123456'), 'dangdang', 'dang@tedu.cn', 'img/user1.png', 1),
(null, '13501234569', password('123456'), 'dou123', 'dou@tedu.cn', 'img/user1.png', 1);

#全部功能菜单
create table zh_menu_item(
    iid int primary key auto_increment,
    title varchar(64),
    pic varchar(128),
    href varchar(128)
);
insert into zh_menu_item values
(null, '更多', 'img/more.png', '/pages/menu-items/menu-items'),
(null, '物业缴费', 'img/rmb.png', '/pages/property-fee/property-fee'),
(null, '智慧停车', 'img/parking.png', '/pages/parking/parking'),
(null, '社区医疗', 'img/plus.png', '/pages/hospitals/hospitals'),
(null, '邻里互动', 'img/chat.png', '/pages/chatroom/chatroom'),
(null, '开门', 'img/door.png', '/pages/open-door/open-door'),
(null, '报修', 'img/tools.png', '/pages/repairs/repairs'),
(null, '公告', 'img/sound.png', '/pages/notice/notice'),
(null, '智能家居', 'img/light.png', '/pages/intelligent-home/intelligent-home'),
(null, '其它', 'img/other.png', '/pages/others/others');

#用户选择的功能菜单
create table zh_user_menu_item(
    uiid int primary key auto_increment,
    userId int,
    itemId int
);
insert into zh_user_menu_item values
(null, 1, 2),
(null, 1, 3),
(null, 1, 4),
(null, 1, 5),
(null, 1, 6),
(null, 1, 7),
(null, 1, 8),
(null, 2, 2),
(null, 2, 4),
(null, 2, 6),
(null, 2, 3),
(null, 2, 8),
(null, 2, 7),
(null, 2, 9),
(null, 3, 6),
(null, 3, 3),
(null, 3, 2),
(null, 3, 4),
(null, 3, 2),
(null, 3, 5),
(null, 3, 7);

#轮播广告表
create table zh_carousel(
    cid int primary key auto_increment,
    pic varchar(128) not null,
    title varchar(64),
    href varchar(128),
    type int        #1-首页轮播  2-商城轮播
);
insert into zh_carousel values
(null, 'img/ad/1516731234475.jpg', '天通苑广场', '/pages/ad/ad?aid=1',1),
(null, 'img/ad/1681376173437.jpg', '新雅步行街', '/pages/ad/ad?aid=2',1),
(null, 'img/ad/1716713461552.jpg', '智慧天通苑', '/pages/ad/ad?aid=3',1),
(null, 'img/ad/1816513463342.jpg', '免费天天领', 'mdetails',2),
(null, 'img/ad/1829313464185.jpg', '生鲜精选', 'mdetails',2),
(null, 'img/ad/1831843465211.jpg', '萝卜盲盒', 'mdetails',2),
(null, 'img/ad/1848123466517.jpg', '补充维C', 'mdetails',2);

#社区活动表
create table zh_activity(
    aid int primary key auto_increment,
    title varchar(128),
    content varchar(4096),
    pic varchar(128),
    startTime bigint,
    endTime bigint,
    pubTime bigint,
    publisher varchar(128)
);
insert into zh_activity values
(null, '天通苑社区2021年春节庆祝活动', '<p>一年之计在于春，而春节亦是中国最盛大、最热闹、最重要的一个古老传统节日，也是中国人所独有的节日。为弘扬中华民族的传统文化，丰富居民的精神文化生活。让社区居民感受春节的欢乐气氛，共同庆贺羊年春节，构建和谐天通苑，充分发挥居委会、社区社会组织、社区居民在社区建设中的作用，在社区内开展2020年度春节联欢会。</p><p><b>活动名称：</b>“杨帆起航，携手共进”2020年天通苑社区春节联欢会</p><p><b>活动时间：</b>2020年01月20日 15:00-17:00</p><p><b>活动地点：</b>天通苑食堂(天通苑物业旁，职工活动中心)二楼</p><p><b>活动内容：</b>文艺表演、抽奖、互动游戏</p><p><b>咨询电话：</b>直接前往天通苑社区服务中心(新时速嘉园1栋1楼)进行咨询。</p><p>在活动当天，为大家准备了精彩的表演和丰富的奖品，欢迎广大居民踊跃参加！</p>', 'img/activity/1516731276128.png', 1577163715689, 1581264000000, 1577808123300, '天通苑社区居委会'),
(null, '天通苑社区2022年春节庆祝活动', '<p>一年之计在于春，而春节亦是中国最盛大、最热闹、最重要的一个古老传统节日，也是中国人所独有的节日。为弘扬中华民族的传统文化，丰富居民的精神文化生活。让社区居民感受春节的欢乐气氛，共同庆贺羊年春节，构建和谐天通苑，充分发挥居委会、社区社会组织、社区居民在社区建设中的作用，在社区内开展2021年度春节联欢会。</p><p><b>活动名称：</b>“杨帆起航，携手共进”2021年天通苑社区春节联欢会</p><p><b>活动时间：</b>2021年01月20日 15:00-17:00</p><p><b>活动地点：</b>天通苑食堂(天通苑物业旁，职工活动中心)二楼</p><p><b>活动内容：</b>文艺表演、抽奖、互动游戏</p><p><b>咨询电话：</b>直接前往天通苑社区服务中心(新时速嘉园1栋1楼)进行咨询。</p><p>在活动当天，为大家准备了精彩的表演和丰富的奖品，欢迎广大居民踊跃参加！</p>', 'img/activity/1516731276128.png', 1637899376511, 1640908800000, 1609430412352, '天通苑社区居委会'),
(null, '天通苑社区2023年春节庆祝活动', '<p>一年之计在于春，而春节亦是中国最盛大、最热闹、最重要的一个古老传统节日，也是中国人所独有的节日。为弘扬中华民族的传统文化，丰富居民的精神文化生活。让社区居民感受春节的欢乐气氛，共同庆贺羊年春节，构建和谐天通苑，充分发挥居委会、社区社会组织、社区居民在社区建设中的作用，在社区内开展2022年度春节联欢会。</p><p><b>活动名称：</b>“杨帆起航，携手共进”2022年天通苑社区春节联欢会</p><p><b>活动时间：</b>2022年01月20日 15:00-17:00</p><p><b>活动地点：</b>天通苑食堂(天通苑物业旁，职工活动中心)二楼</p><p><b>活动内容：</b>文艺表演、抽奖、互动游戏</p><p><b>咨询电话：</b>直接前往天通苑社区服务中心(新时速嘉园1栋1楼)进行咨询。</p><p>在活动当天，为大家准备了精彩的表演和丰富的奖品，欢迎广大居民踊跃参加！</p>', 'img/activity/1516731276128.png', 1658161933344, 1672444800000, 1640966421355, '天通苑社区居委会'),
(null, '天通苑社区2024年春节庆祝活动', '<p>一年之计在于春，而春节亦是中国最盛大、最热闹、最重要的一个古老传统节日，也是中国人所独有的节日。为弘扬中华民族的传统文化，丰富居民的精神文化生活。让社区居民感受春节的欢乐气氛，共同庆贺羊年春节，构建和谐天通苑，充分发挥居委会、社区社会组织、社区居民在社区建设中的作用，在社区内开展2023年度春节联欢会。</p><p><b>活动名称：</b>“杨帆起航，携手共进”2023年天通苑社区春节联欢会</p><p><b>活动时间：</b>2023年01月20日 15:00-17:00</p><p><b>活动地点：</b>天通苑食堂(天通苑物业旁，职工活动中心)二楼</p><p><b>活动内容：</b>文艺表演、抽奖、互动游戏</p><p><b>咨询电话：</b>直接前往天通苑社区服务中心(新时速嘉园1栋1楼)进行咨询。</p><p>在活动当天，为大家准备了精彩的表演和丰富的奖品，欢迎广大居民踊跃参加！</p>', 'img/activity/1516731276128.png', 1672005651366, 1791285654118, 1670005654955, '天通苑社区居委会'),
(null, '天通苑社区2025年春节庆祝活动', '<p>一年之计在于春，而春节亦是中国最盛大、最热闹、最重要的一个古老传统节日，也是中国人所独有的节日。为弘扬中华民族的传统文化，丰富居民的精神文化生活。让社区居民感受春节的欢乐气氛，共同庆贺羊年春节，构建和谐天通苑，充分发挥居委会、社区社会组织、社区居民在社区建设中的作用，在社区内开展2024年度春节联欢会。</p><p><b>活动名称：</b>“杨帆起航，携手共进”2024年天通苑社区春节联欢会</p><p><b>活动时间：</b>2024年01月20日 15:00-17:00</p><p><b>活动地点：</b>天通苑食堂(天通苑物业旁，职工活动中心)二楼</p><p><b>活动内容：</b>文艺表演、抽奖、互动游戏</p><p><b>咨询电话：</b>直接前往天通苑社区服务中心(新时速嘉园1栋1楼)进行咨询。</p><p>在活动当天，为大家准备了精彩的表演和丰富的奖品，欢迎广大居民踊跃参加！</p>', 'img/activity/1516731276128.png', 1716211513555, 1735603200000, 1704038456787, '天通苑社区居委会'),
(null, '天通苑社区2026年春节庆祝活动', '<p>一年之计在于春，而春节亦是中国最盛大、最热闹、最重要的一个古老传统节日，也是中国人所独有的节日。为弘扬中华民族的传统文化，丰富居民的精神文化生活。让社区居民感受春节的欢乐气氛，共同庆贺羊年春节，构建和谐天通苑，充分发挥居委会、社区社会组织、社区居民在社区建设中的作用，在社区内开展2025年度春节联欢会。</p><p><b>活动名称：</b>“杨帆起航，携手共进”2025年天通苑社区春节联欢会</p><p><b>活动时间：</b>2025年01月20日 15:00-17:00</p><p><b>活动地点：</b>天通苑食堂(天通苑物业旁，职工活动中心)二楼</p><p><b>活动内容：</b>文艺表演、抽奖、互动游戏</p><p><b>咨询电话：</b>直接前往天通苑社区服务中心(新时速嘉园1栋1楼)进行咨询。</p><p>在活动当天，为大家准备了精彩的表演和丰富的奖品，欢迎广大居民踊跃参加！</p>', 'img/activity/1516731276128.png', 1748171237666, 1767139200000, 1735660867884, '天通苑社区居委会'),
(null, '天通苑社区2027年春节庆祝活动', '<p>一年之计在于春，而春节亦是中国最盛大、最热闹、最重要的一个古老传统节日，也是中国人所独有的节日。为弘扬中华民族的传统文化，丰富居民的精神文化生活。让社区居民感受春节的欢乐气氛，共同庆贺羊年春节，构建和谐天通苑，充分发挥居委会、社区社会组织、社区居民在社区建设中的作用，在社区内开展2026年度春节联欢会。</p><p><b>活动名称：</b>“杨帆起航，携手共进”2026年天通苑社区春节联欢会</p><p><b>活动时间：</b>2026年01月20日 15:00-17:00</p><p><b>活动地点：</b>天通苑食堂(天通苑物业旁，职工活动中心)二楼</p><p><b>活动内容：</b>文艺表演、抽奖、互动游戏</p><p><b>咨询电话：</b>直接前往天通苑社区服务中心(新时速嘉园1栋1楼)进行咨询。</p><p>在活动当天，为大家准备了精彩的表演和丰富的奖品，欢迎广大居民踊跃参加！</p>', 'img/activity/1516731276128.png', 1772987823455, 1798675200000, 1767196875432, '天通苑社区居委会'),
(null, '第二届天通苑社区阳光健身活动', '<p>为进一步提升社区运动会的办赛水平，贯彻“全民参与 老少皆宜”的原则，增强社区运动会集趣味性、娱乐性、协作性和竞技性于一体的办赛特色，现面向全市市民征集对我市“2022年朝阳区社区运动会项目设置”的意见和建议，欢迎各界人士建言献策。</p><p>一、征集内容</p><p>围绕“2022年社区运动会”项目设置建言献，包括但不限于：1.关于社区运动会趣味项目设置的建议；2.关于社区运动会举办地点的建议。</p><p>二、征集方式</p><p>参与者可在线填写您的宝贵意见，也可以通过电子邮箱方式反馈意见，电子邮箱：xmtyjqtc@163.com。感谢您的参与和支持！</p><p>三、活动奖励</p><p>您的方案如被采用，区级体育局及社区居委会将分别给予精神及资金奖励。奖励标准：￥1000-￥3000。欢迎大家踊跃参与。</p>', 'img/activity/1815931276128.png', 1650816128342, 1672444800000, 1640966414721, '朝阳区体育局'),
(null, '第三届天通苑社区阳光健身活动', '<p>为进一步提升社区运动会的办赛水平，贯彻“全民参与 老少皆宜”的原则，增强社区运动会集趣味性、娱乐性、协作性和竞技性于一体的办赛特色，现面向全市市民征集对我市“2023年朝阳区社区运动会项目设置”的意见和建议，欢迎各界人士建言献策。</p><p>一、征集内容</p><p>围绕“2023年社区运动会”项目设置建言献，包括但不限于：1.关于社区运动会趣味项目设置的建议；2.关于社区运动会举办地点的建议。</p><p>二、征集方式</p><p>参与者可在线填写您的宝贵意见，也可以通过电子邮箱方式反馈意见，电子邮箱：xmtyjqtc@163.com。感谢您的参与和支持！</p><p>三、活动奖励</p><p>您的方案如被采用，区级体育局及社区居委会将分别给予精神及资金奖励。奖励标准：￥1000-￥3000。欢迎大家踊跃参与。</p>', 'img/activity/1815931276128.png', 1706151511166, 1783980800000, 1672502422345, '朝阳区体育局'),
(null, '第四届天通苑社区阳光健身活动', '<p>为进一步提升社区运动会的办赛水平，贯彻“全民参与 老少皆宜”的原则，增强社区运动会集趣味性、娱乐性、协作性和竞技性于一体的办赛特色，现面向全市市民征集对我市“2024年朝阳区社区运动会项目设置”的意见和建议，欢迎各界人士建言献策。</p><p>一、征集内容</p><p>围绕“2024年社区运动会”项目设置建言献，包括但不限于：1.关于社区运动会趣味项目设置的建议；2.关于社区运动会举办地点的建议。</p><p>二、征集方式</p><p>参与者可在线填写您的宝贵意见，也可以通过电子邮箱方式反馈意见，电子邮箱：xmtyjqtc@163.com。感谢您的参与和支持！</p><p>三、活动奖励</p><p>您的方案如被采用，区级体育局及社区居委会将分别给予精神及资金奖励。奖励标准：￥1000-￥3000。欢迎大家踊跃参与。</p>', 'img/activity/1815931276128.png', 1662805650000, 1792805653390, 1672805654955, '朝阳区体育局'),
(null, '第五届天通苑社区阳光健身活动', '<p>为进一步提升社区运动会的办赛水平，贯彻“全民参与 老少皆宜”的原则，增强社区运动会集趣味性、娱乐性、协作性和竞技性于一体的办赛特色，现面向全市市民征集对我市“2025年朝阳区社区运动会项目设置”的意见和建议，欢迎各界人士建言献策。</p><p>一、征集内容</p><p>围绕“2025年社区运动会”项目设置建言献，包括但不限于：1.关于社区运动会趣味项目设置的建议；2.关于社区运动会举办地点的建议。</p><p>二、征集方式</p><p>参与者可在线填写您的宝贵意见，也可以通过电子邮箱方式反馈意见，电子邮箱：xmtyjqtc@163.com。感谢您的参与和支持！</p><p>三、活动奖励</p><p>您的方案如被采用，区级体育局及社区居委会将分别给予精神及资金奖励。奖励标准：￥1000-￥3000。欢迎大家踊跃参与。</p>', 'img/activity/1815931276128.png', 1758712745577, 1767139200000, 1735660845678, '朝阳区体育局'),
(null, '第六届天通苑社区阳光健身活动', '<p>为进一步提升社区运动会的办赛水平，贯彻“全民参与 老少皆宜”的原则，增强社区运动会集趣味性、娱乐性、协作性和竞技性于一体的办赛特色，现面向全市市民征集对我市“2026年朝阳区社区运动会项目设置”的意见和建议，欢迎各界人士建言献策。</p><p>一、征集内容</p><p>围绕“2026年社区运动会”项目设置建言献，包括但不限于：1.关于社区运动会趣味项目设置的建议；2.关于社区运动会举办地点的建议。</p><p>二、征集方式</p><p>参与者可在线填写您的宝贵意见，也可以通过电子邮箱方式反馈意见，电子邮箱：xmtyjqtc@163.com。感谢您的参与和支持！</p><p>三、活动奖励</p><p>您的方案如被采用，区级体育局及社区居委会将分别给予精神及资金奖励。奖励标准：￥1000-￥3000。欢迎大家踊跃参与。</p>', 'img/activity/1815931276128.png', 1778239241235, 1798675200000, 1767196857711, '朝阳区体育局'),
(null, '第七届天通苑社区阳光健身活动', '<p>为进一步提升社区运动会的办赛水平，贯彻“全民参与 老少皆宜”的原则，增强社区运动会集趣味性、娱乐性、协作性和竞技性于一体的办赛特色，现面向全市市民征集对我市“2027年朝阳区社区运动会项目设置”的意见和建议，欢迎各界人士建言献策。</p><p>一、征集内容</p><p>围绕“2027年社区运动会”项目设置建言献，包括但不限于：1.关于社区运动会趣味项目设置的建议；2.关于社区运动会举办地点的建议。</p><p>二、征集方式</p><p>参与者可在线填写您的宝贵意见，也可以通过电子邮箱方式反馈意见，电子邮箱：xmtyjqtc@163.com。感谢您的参与和支持！</p><p>三、活动奖励</p><p>您的方案如被采用，区级体育局及社区居委会将分别给予精神及资金奖励。奖励标准：￥1000-￥3000。欢迎大家踊跃参与。</p>', 'img/activity/1815931276128.png', 1875152326421, 1830211200000, 1798732878824, '朝阳区体育局'),
(null, '第12期天通苑社区创新工作座谈会', '<p>为深入推进科技体制机制改革，加快打造“1+10+N”创新体系，社区拟召开创新创业共同体建设推进工作座谈会。现将有关事项通知如下：</p><p></p><p>一、会议时间</p><p>2月13日08:30，会期半天。</p><p>二、会议地点</p><p>天通苑创新谷东塔楼328会议室。</p><p>三、会议内容</p><p>总结“1+10+N”创新体系建设的进展，讨论交流下一步推进社区创新创业共同体建设等重点工作的思路和举措。</p><p>四、参会人员</p><p>市科技局主要负责同志、分管负责同志，有关科室负责人。市级共同体申报推荐单位（有关县市区科技局、功能区科技主管部门）主要负责人和1名负责同志、依托单位主要负责人;山东省智慧康养创新创业共同体负责人。</p><p>五、有关要求</p><p>各参会人员严格落实疫情防控有关要求，提前做好排查风险隐患等工作，做好体温测量，全程佩戴口罩。有发烧、咳嗽等不适症状或 14 天内去过中高风险地区的同志不得参会。</p>', 'img/activity/1876521276128.png', 1661726412988, 1672444800000, 1640966417212, '天通苑双创委员会'),
(null, '第13期天通苑社区创新工作座谈会', '<p>为深入推进科技体制机制改革，加快打造“1+10+N”创新体系，社区拟召开创新创业共同体建设推进工作座谈会。现将有关事项通知如下：</p><p></p><p>一、会议时间</p><p>3月13日08:30，会期半天。</p><p>二、会议地点</p><p>天通苑创新谷东塔楼328会议室。</p><p>三、会议内容</p><p>总结“1+10+N”创新体系建设的进展，讨论交流下一步推进社区创新创业共同体建设等重点工作的思路和举措。</p><p>四、参会人员</p><p>市科技局主要负责同志、分管负责同志，有关科室负责人。市级共同体申报推荐单位（有关县市区科技局、功能区科技主管部门）主要负责人和1名负责同志、依托单位主要负责人;山东省智慧康养创新创业共同体负责人。</p><p>五、有关要求</p><p>各参会人员严格落实疫情防控有关要求，提前做好排查风险隐患等工作，做好体温测量，全程佩戴口罩。有发烧、咳嗽等不适症状或 14 天内去过中高风险地区的同志不得参会。</p>', 'img/activity/1876521276128.png', 1671805654955, 1792805651123, 1670805656678, '天通苑双创委员会'),
(null, '第14期天通苑社区创新工作座谈会', '<p>为深入推进科技体制机制改革，加快打造“1+10+N”创新体系，社区拟召开创新创业共同体建设推进工作座谈会。现将有关事项通知如下：</p><p></p><p>一、会议时间</p><p>4月13日08:30，会期半天。</p><p>二、会议地点</p><p>天通苑创新谷东塔楼328会议室。</p><p>三、会议内容</p><p>总结“1+10+N”创新体系建设的进展，讨论交流下一步推进社区创新创业共同体建设等重点工作的思路和举措。</p><p>四、参会人员</p><p>市科技局主要负责同志、分管负责同志，有关科室负责人。市级共同体申报推荐单位（有关县市区科技局、功能区科技主管部门）主要负责人和1名负责同志、依托单位主要负责人;山东省智慧康养创新创业共同体负责人。</p><p>五、有关要求</p><p>各参会人员严格落实疫情防控有关要求，提前做好排查风险隐患等工作，做好体温测量，全程佩戴口罩。有发烧、咳嗽等不适症状或 14 天内去过中高风险地区的同志不得参会。</p>', 'img/activity/1876521276128.png', 1727182434518, 1735603200000, 1704038434111, '天通苑双创委员会'),
(null, '第15期天通苑社区创新工作座谈会', '<p>为深入推进科技体制机制改革，加快打造“1+10+N”创新体系，社区拟召开创新创业共同体建设推进工作座谈会。现将有关事项通知如下：</p><p></p><p>一、会议时间</p><p>5月13日08:30，会期半天。</p><p>二、会议地点</p><p>天通苑创新谷东塔楼328会议室。</p><p>三、会议内容</p><p>总结“1+10+N”创新体系建设的进展，讨论交流下一步推进社区创新创业共同体建设等重点工作的思路和举措。</p><p>四、参会人员</p><p>市科技局主要负责同志、分管负责同志，有关科室负责人。市级共同体申报推荐单位（有关县市区科技局、功能区科技主管部门）主要负责人和1名负责同志、依托单位主要负责人;山东省智慧康养创新创业共同体负责人。</p><p>五、有关要求</p><p>各参会人员严格落实疫情防控有关要求，提前做好排查风险隐患等工作，做好体温测量，全程佩戴口罩。有发烧、咳嗽等不适症状或 14 天内去过中高风险地区的同志不得参会。</p>', 'img/activity/1876521276128.png', 1758723845631, 1767139200000, 1735660843321, '天通苑双创委员会'),
(null, '第16期天通苑社区创新工作座谈会', '<p>为深入推进科技体制机制改革，加快打造“1+10+N”创新体系，社区拟召开创新创业共同体建设推进工作座谈会。现将有关事项通知如下：</p><p></p><p>一、会议时间</p><p>6月13日08:30，会期半天。</p><p>二、会议地点</p><p>天通苑创新谷东塔楼328会议室。</p><p>三、会议内容</p><p>总结“1+10+N”创新体系建设的进展，讨论交流下一步推进社区创新创业共同体建设等重点工作的思路和举措。</p><p>四、参会人员</p><p>市科技局主要负责同志、分管负责同志，有关科室负责人。市级共同体申报推荐单位（有关县市区科技局、功能区科技主管部门）主要负责人和1名负责同志、依托单位主要负责人;山东省智慧康养创新创业共同体负责人。</p><p>五、有关要求</p><p>各参会人员严格落实疫情防控有关要求，提前做好排查风险隐患等工作，做好体温测量，全程佩戴口罩。有发烧、咳嗽等不适症状或 14 天内去过中高风险地区的同志不得参会。</p>', 'img/activity/1876521276128.png', 1787453451287, 1798675200000, 1767196856677, '天通苑双创委员会'),
(null, '第17期天通苑社区创新工作座谈会', '<p>为深入推进科技体制机制改革，加快打造“1+10+N”创新体系，社区拟召开创新创业共同体建设推进工作座谈会。现将有关事项通知如下：</p><p></p><p>一、会议时间</p><p>7月13日08:30，会期半天。</p><p>二、会议地点</p><p>天通苑创新谷东塔楼328会议室。</p><p>三、会议内容</p><p>总结“1+10+N”创新体系建设的进展，讨论交流下一步推进社区创新创业共同体建设等重点工作的思路和举措。</p><p>四、参会人员</p><p>市科技局主要负责同志、分管负责同志，有关科室负责人。市级共同体申报推荐单位（有关县市区科技局、功能区科技主管部门）主要负责人和1名负责同志、依托单位主要负责人;山东省智慧康养创新创业共同体负责人。</p><p>五、有关要求</p><p>各参会人员严格落实疫情防控有关要求，提前做好排查风险隐患等工作，做好体温测量，全程佩戴口罩。有发烧、咳嗽等不适症状或 14 天内去过中高风险地区的同志不得参会。</p>', 'img/activity/1876521276128.png', 1828987345541, 1830211200000, 1798732898877, '天通苑双创委员会');


#收费单位
create table zh_fee_collector(
    cid int primary key auto_increment,
    type int not null,      #1-水费  2-电费  3-燃气费  4-物业费  5-停车费  6-宽度费
    cname varchar(256),
    addr varchar(256),
    phone varchar(128)
);
insert into zh_fee_collector values
(101, 1, '北京市自来水有限公司', '北京市东城区民旺园101号', '010-69181821'),
(102, 1, '朝阳区自来水有限公司', '北京市朝阳区来广营路81号', '010-67121188'),
(103, 1, '海淀区自来水有限公司', '北京市海淀区青山北路11号', '010-68018181'),
(104, 1, '昌平区自来水有限公司', '北京市昌平区紫光园街105号', '010-69118832'),
(201, 2, '国家电网北京分公司', '北京市西城区月坛北街99号', '010-61823232'),
(202, 2, '国家电网朝阳区分公司', '北京市朝阳区大屯路93号', '010-62380131'),
(301, 3, '北京燃气有限公司', '北京市东城区东四十条128号', '010-62389912'),
(302, 3, '北京昌平燃气有限公司', '北京市昌平区回龙观街道67号', '010-68118811'),
(303, 3, '北京朝阳燃气有限公司', '北京市朝阳区朝阳北路15号', '010-65818129'),
(401, 4, '天通苑物管有限公司', '北京市昌平区天通苑物管大楼A区', '010-67181851'),
(501, 5, '天通苑物管有限公司', '北京市昌平区天通苑物管大楼B区', '010-68136511'),
(601, 6, '中国联通北京分公司', '北京市西城区金融街99号', '010-68118000'),
(602, 6, '中国电信北京分公司', '北京市西城区金融街98号', '010-61123488'),
(603, 6, '中国移动北京分公司', '北京市西城区金融街97号', '010-69011233'),
(604, 6, '宽带通北京有限公司', '北京市西城区金融街96号', '010-65418765'),
(605, 6, '长城宽带北京分公司', '北京市西城区金融街95号', '010-68123450');


#业主/住户信息
create table zh_household(
    hid int primary key auto_increment,
    householdId varchar(128) unique not null,
    householdName varchar(128),
    gender int(0),
    householdAddr varchar(128),
    phone varchar(64),
    idNum varchar(20)
);
insert into zh_household values
(null, 'S60011','秦小雅',0,'天通苑社区A08-1单元1205','13617833581','110101199003071233'),
(null, 'D60011','徐柯洁',0,'天通苑社区A13-2单元1206','14021382200','11010719920307981X'),
(null, 'Q60011','宋书李',1,'天通苑社区A11-2单元1305','13812193266','42010219900307023X'),
(null, 'W60011','张静婉',0,'天通苑社区A12-3单元1405','13780724312','110108199503071576'),
(null, 'T60011','张淑慧',0,'天通苑社区A11-3单元1406','16373481427','110107199203072431'),
(null, 'K60011','白小霞',0,'天通苑社区A10-3单元1205','15987582524','420102199003076770'),
(null, 'S60022','丁当',1,'天通苑社区C01-1单元1502','13735328474','110101199003077897'),
(null, 'D60022','李俊彦',1,'天通苑社区C03-2单元1501','15739292622','110108199503075374'),
(null, 'Q60022','安李',1,'天通苑社区C05-3单元1511','16923427526','110107199203078657'),
(null, 'W60022','乔伟才',1,'天通苑社区C03-3单元1508','16152602624','110101199003074936'),
(null, 'T60022','田光霞',0,'天通苑社区C07-4单元1503','15001667463','420102199003072737'),
(null, 'K60022','赵高杰',1,'天通苑社区C04-5单元1502','15669396244','350102199003078559'),
(null, 'S60033','李国强',1,'天通苑社区A01-1单元1102','16320281368','110101199003070433'),
(null, 'D60033','袁奇水',1,'天通苑社区A11-2单元1103','16157091411','420102199003072075'),
(null, 'Q60033','姜雨星',1,'天通苑社区A21-3单元1114','13618480113','110107199203074517'),
(null, 'W60033','顾俊美',0,'天通苑社区A32-1单元1115','13981443791','35010219900307497X'),
(null, 'T60033','张文星',0,'天通苑社区A17-2单元1108','15294984371','110101199003073618'),
(null, 'K60033','杜欣可',0,'天通苑社区A18-3单元1507','17002431711','350102199003075614'),
(null, 'K90216','秦可欣',0,'天通苑社区C13-2单元1310','17002431742','110101199003077379'),
(null, 'K81871','秦明',1,'天通苑社区D05-1单元1107','17002431767','330102199003077579'),
(null, 'S70011','万良工',1,'天通苑社区B18-1单元1205','15805248953','310101199003078176'),
(null, 'D70016','贺兴国',0,'天通苑社区B13-2单元1206','16337404274','320102199003074261'),
(null, 'Q70716','孟和宜',1,'天通苑社区B11-2单元1305','15058000903','310101199003072997'),
(null, 'W70181','魏泽语',0,'天通苑社区B12-3单元1405','15751280085','320102199003070885'),
(null, 'C70912','陆修齐',0,'天通苑社区B11-3单元1406','15946456796','310101199003074896'),
(null, 'K70871','尹安晏',1,'天通苑社区B10-3单元1205','13609171967','440103199003074417'),
(null, 'S70101','夏新美',0,'天通苑社区E01-1单元1502','16211127596','310101199003071978'),
(null, 'D70210','段张瑶',1,'天通苑社区E03-2单元1501','15861740372','440103199003072075'),
(null, 'Q70291','李罗绮',0,'天通苑社区D05-3单元1511','15051478202','340102199003076455'),
(null, 'W70381','韩仲媛',0,'天通苑社区D03-3单元1508','16872084877','320102199003075467'),
(null, 'C70481','段斯玉',0,'天通苑社区E07-4单元1503','16002726876','310101199003078096'),
(null, 'K7881','彭涵柳',0,'天通苑社区E04-5单元1502','18374796497','350102199003078559'),
(null, 'S70864','曾建中',1,'天通苑社区D01-1单元1102','15959228732','320102199003075483'),
(null, 'D70282','戴高明',1,'天通苑社区D11-2单元1103','19180099331','310101199003070852'),
(null, 'Q70222','孙玉龙',1,'天通苑社区E21-3单元1114','18368463395','440103199003071355'),
(null, 'W70775','吕子石',1,'天通苑社区A32-1单元1115','16312459805','35010219900307497X'),
(null, 'C70351','刘明',0,'天通苑社区E17-2单元1109','17220148189','440103199003072737'),
(null, 'Q80188','张笑笑',0,'天通苑社区F11-2单元1203','17110148190','110103199003072710'),
(null, 'W80816','孙先生',1,'天通苑社区F18-3单元1108','17350148191','230103198903072711'),
(null, 'T80186','李小兰',0,'天通苑社区F13-1单元1112','17160148192','110103198103072719'),
(null, 'D80281','李明超',0,'天通苑社区E11-2单元1001','17220148193','250103198603072723'),
(null, 'C80588','张新',1,'天通苑社区E16-2单元1301','17170148194','120103199803072787'),
(null, 'K80766','李元魁',1,'天通苑社区E18-3单元1507','18708484920','340102199003071056');


#缴费记录
create table zh_fee(
    fid int primary key auto_increment,
    userId int,
    type int not null,      #1-水费  2-电费  3-燃气费  4-物业费  5-停车费  6-宽度费
    collectorId int,
    householdId varchar(128),
    generatedTime bigint,
    paidTime bigint, 
    amount double(10,2)
);
insert into zh_fee values
(null, 1, 1, 101, 'S60011',  1711552434518, 0, -525.15),
(null, 1, 1, 101, 'S60011',  1712552434518, 0, -112.23),
(null, 1, 1, 101, 'S60011',  1713552434518, 0, -331.15),
(null, 1, 2, 201, 'D60011',  1714671231211, 0, -15.81),
(null, 1, 2, 201, 'D60011',  1715671231211, 0, -125.19),
(null, 1, 2, 201, 'D60011',  1716671231211, 0, -325.28),
(null, 1, 2, 201, 'D60011',  1717671231211, 0, -165.47),
(null, 1, 2, 201, 'D60011',  1718671231211, 0, -182.11),
(null, 1, 2, 201, 'D60011',  1719671231211, 0, -765.81),
(null, 1, 3, 301, 'Q60011',  1713467162518, 0, -307.12),
(null, 1, 3, 301, 'Q60011',  1716467162518, 0, -317.99),
(null, 1, 4, 401, 'W60011',  1721652434518, 0, -418.11),
(null, 1, 5, 501, 'T60011',  1737612134518, 0, -283.88),
(null, 1, 6, 601, 'K60011',  1747112011218, 0, -681.18),
(null, 1, 1, 101, 'S60011',  0, 1771612434518, 10),
(null, 1, 1, 101, 'S60011',  0, 1772612434518, 10),
(null, 1, 1, 101, 'S60011',  0, 1773612434518, 10),
(null, 1, 1, 101, 'S60011',  0, 1774612434518, 10),
(null, 1, 1, 101, 'S60011',  0, 1775612434518, 10),
(null, 1, 1, 101, 'S60011',  0, 1776612434518, 30),
(null, 1, 1, 101, 'S60011',  0, 1777612434518, 20),
(null, 1, 1, 101, 'S60011',  0, 1778612434518, 20),
(null, 1, 1, 101, 'S60011',  0, 1778812434518, 20),
(null, 1, 2, 201, 'D60011',  0, 1771612434518, 10),
(null, 1, 2, 201, 'D60011',  0, 1772615251518, 20),
(null, 1, 2, 201, 'D60011',  0, 1783615241221, 30),
(null, 1, 2, 201, 'D60011',  0, 1784615241221, 20),
(null, 1, 2, 201, 'D60011',  0, 1785615241221, 50),
(null, 1, 2, 201, 'D60011',  0, 1786615241221, 10),
(null, 1, 2, 201, 'D60011',  0, 1787615241221, 10),
(null, 1, 2, 201, 'D60011',  0, 1788615241221, 10),
(null, 1, 2, 201, 'D60011',  0, 1789615241221, 10),
(null, 1, 2, 201, 'D60011',  0, 1790615241221, 10),
(null, 1, 3, 301, 'Q60011',  0, 1791615151518, 60),
(null, 1, 3, 301, 'Q60011',  0, 1783615152541, 20),
(null, 1, 4, 401, 'W60011',  0, 1783615514141, 20),
(null, 1, 5, 501, 'C60011',  0, 1786451414218, 10),
(null, 1, 6, 601, 'K60011',  0, 1788715144518, 1000),
(null, 2, 1, 101, 'S60022',  1791716231277, 0, -156.31),
(null, 2, 3, 301, 'Q60022',  1792616515218, 0, -253.42),
(null, 2, 6, 601, 'K60022',  1797515414421, 0, -182.23),
(null, 2, 2, 201, 'D60022',  0, 1798655124541, 350),
(null, 2, 5, 501, 'W60022',  1791716231277, 0, -156.31),
(null, 2, 4, 401, 'T60022',  1792616515218, 0, -18.68),
(null, 3, 6, 601, 'K60033',  1797515414421, 0, -12.25),
(null, 3, 1, 101, 'S60033',  0, 1798655124541, 250),
(null, 3, 3, 301, 'Q60033',  1791716231277, 0, -36.36),
(null, 3, 5, 501, 'W60033',  1792616515218, 0, -25.66),
(null, 3, 4, 401, 'T60033',  1797515414421, 0, -182.23),
(null, 3, 2, 201, 'D60033',  0, 1798655124541, 150);


#停车区信息
create table zh_parking_zone(
    zid int primary key auto_increment,
    zname varchar(64),
    longitude decimal(9,6),
    latitude decimal(9,6),
    unoccupied int
);
insert into zh_parking_zone values
(null, '天通苑一区', 116.417721,40.063224, 96),
(null, '天通苑二区', 116.423617,40.062579, 43),
(null, '天通苑三区', 116.420525,40.059933, 135),
(null, '天通苑四区', 116.423085,40.060965, 112),
(null, '天通苑五区', 116.415666,40.064763, 79),
(null, '天通苑六区', 116.424861,40.065502, 102);




#社区互动——聊天消息表
create table zh_chat_msg(
    mid int primary key auto_increment,
    userId int,
    location varchar(256),
    content varchar(4096),
    pubTime bigint,
    likeCount int,
    replyCount int,
    replyTo int         #当前消息回复的是哪个消息——即父消息；null表示无父消息
);
insert into zh_chat_msg values
(null, 1, '北京市天通苑一区', '1祝贺智慧社区APP隆重上线啦~~', 1680437381163, 15, 2,null),
(null, 2, '北京市天通苑二区', '2我家暖气漏水了，你家的呢？我看到隔壁和楼下也有漏的了', 1681577651163, 3, 0,null),
(null, 3, '北京市天通苑三区', '3社区菜店再次营业了，明天有一起去看看的不？', 1682415431163, 0, 0,null),
(null, 1, '北京市天通苑一区', '4这是谁家车啊？占我车位三天了！！', 1683333381163, 0, 4,null),
(null, 1, '北京市天通苑一区', '5打算去社区统一定鲜奶了，有一起团定的吗？', 168456781163, 132, 16,null),
(null, 3, '北京市天通苑三区', '6明天上午在社区活动中心有少儿书法课，有宝宝的家长们提前定座位啦', 1686789081163, 52, 13,null),
(null, 3, '北京市天通苑三区', '7投票：什么样的社区服务才是您心目中完美的社区服务呢？', 1687788991163, 0, 5,null),
(null, 1, '北京市天通苑一区', '8祝贺智慧社区APP隆重上线啦~~', 1688147381163, 15, 2,null),
(null, 2, '北京市天通苑二区', '9我家暖气漏水了，你家的呢？我看到隔壁和楼下也有漏的了', 1689101651163, 3, 0,null),
(null, 3, '北京市天通苑三区', '10社区菜店再次营业了，明天有一起去看看的不？', 1690118931163, 0, 0,null),
(null, 1, '北京市天通苑一区', '11这是谁家车啊？占我车位三天了！！', 1691875681163, 0, 4,null),
(null, 1, '北京市天通苑一区', '12打算去社区统一定鲜奶了，有一起团定的吗？', 169287651163, 132, 16,null),
(null, 3, '北京市天通苑三区', '13明天上午在社区活动中心有少儿书法课，有宝宝的家长们提前定座位啦', 1693165434163, 52, 13,null),
(null, 3, '北京市天通苑三区', '14投票：什么样的社区服务才是您心目中完美的社区服务呢？', 1694723456163, 0, 5,null),
(null, 1, '北京市天通苑一区', '15祝贺智慧社区APP隆重上线啦~~', 1695167891163, 15, 2,null),
(null, 2, '北京市天通苑二区', '16我家暖气漏水了，你家的呢？我看到隔壁和楼下也有漏的了', 1696790876163, 3, 0,null),
(null, 3, '北京市天通苑三区', '17社区菜店再次营业了，明天有一起去看看的不？', 1697126543163, 0, 0,null),
(null, 1, '北京市天通苑一区', '18这是谁家车啊？占我车位三天了！！', 1698754321163, 0, 4,null),
(null, 1, '北京市天通苑一区', '19打算去社区统一定鲜奶了，有一起团定的吗？', 169943167163, 132, 16,null),
(null, 3, '北京市天通苑三区', '20明天上午在社区活动中心有少儿书法课，有宝宝的家长们提前定座位啦', 1701876541163, 52, 13,null),
(null, 3, '北京市天通苑三区', '21投票：什么样的社区服务才是您心目中完美的社区服务呢？', 1702654321163, 0, 5,null),
(null, 1, '北京市天通苑一区', '22祝贺智慧社区APP隆重上线啦~~', 1713981561163, 15, 2,null),
(null, 2, '北京市天通苑二区', '23我家暖气漏水了，你家的呢？我看到隔壁和楼下也有漏的了', 1721851640163, 3, 0,null),
(null, 3, '北京市天通苑三区', '24社区菜店再次营业了，明天有一起去看看的不？', 1735761876163, 0, 0,null),
(null, 1, '北京市天通苑一区', '25这是谁家车啊？占我车位三天了！！', 1738876543163, 0, 4,null),
(null, 1, '北京市天通苑一区', '26打算去社区统一定鲜奶了，有一起团定的吗？', 174067890563, 132, 16,null),
(null, 3, '北京市天通苑三区', '27明天上午在社区活动中心有少儿书法课，有宝宝的家长们提前定座位啦', 1741987145163, 52, 13,null),
(null, 3, '北京市天通苑三区', '28投票：什么样的社区服务才是您心目中完美的社区服务呢？', 1765172534163, 0, 5,null),
(null, 1, '北京市天通苑一区', '29祝贺智慧社区APP隆重上线啦~~', 1766987654163, 15, 2,null),
(null, 2, '北京市天通苑二区', '30我家暖气漏水了，你家的呢？我看到隔壁和楼下也有漏的了', 1768162345163, 3, 0,null),
(null, 3, '北京市天通苑三区', '31社区菜店再次营业了，明天有一起去看看的不？', 1769715234163, 0, 0,null),
(null, 1, '北京市天通苑一区', '32这是谁家车啊？占我车位三天了！！', 1770623845163, 0, 4,null),
(null, 1, '北京市天通苑一区', '33打算去社区统一定鲜奶了，有一起团定的吗？', 1771812945663, 132, 16,null),
(null, 3, '北京市天通苑三区', '34明天上午在社区活动中心有少儿书法课，有宝宝的家长们提前定座位啦', 1772817625163, 52, 13,null),
(null, 3, '北京市天通苑三区', '35投票：什么样的社区服务才是您心目中完美的社区服务呢？', 1773987654163, 0, 5,null),
(null, 1, '北京市天通苑一区', '36祝贺智慧社区APP隆重上线啦~~', 1774917254163, 15, 2,null),
(null, 2, '北京市天通苑二区', '37我家暖气漏水了，你家的呢？我看到隔壁和楼下也有漏的了', 1775813529163, 3, 0,null),
(null, 3, '北京市天通苑三区', '38社区菜店再次营业了，明天有一起去看看的不？', 1776123456163, 0, 0,null),
(null, 1, '北京市天通苑一区', '39这是谁家车啊？占我车位三天了！！', 1777816254163, 0, 4,null),
(null, 1, '北京市天通苑一区', '40打算去社区统一定鲜奶了，有一起团定的吗？', 177898765463, 132, 16,null),
(null, 3, '北京市天通苑三区', '41明天上午在社区活动中心有少儿书法课，有宝宝的家长们提前定座位啦', 1780816253163, 52, 13,null),
(null, 3, '北京市天通苑三区', '42投票：什么样的社区服务才是您心目中完美的社区服务呢？', 1790126345163, 0, 5,null);


#社区互动——聊天消息配图表
create table zh_chat_pic(
    pid int primary key auto_increment,
    msgId int,
    url varchar(256)
);
insert into zh_chat_pic values
(null, 42, 'img/chat/16704373811634187.jpg'),
(null, 42, 'img/chat/16715253811634318.jpg'),
(null, 42, 'img/chat/16125973811637190.jpg'),
(null, 41, 'img/chat/17714373811634318.jpg'),
(null, 40, 'img/chat/16704373811634187.jpg'),
(null, 39, 'img/chat/16715253811634318.jpg'),
(null, 39, 'img/chat/16125973811637190.jpg'),
(null, 37, 'img/chat/17714373811634318.jpg'),
(null, 35, 'img/chat/16704373811634187.jpg'),
(null, 35, 'img/chat/16715253811634318.jpg'),
(null, 35, 'img/chat/16125973811637190.jpg'),
(null, 34, 'img/chat/17714373811634318.jpg'),
(null, 33, 'img/chat/16704373811634187.jpg'),
(null, 30, 'img/chat/16715253811634318.jpg'),
(null, 30, 'img/chat/16125973811637190.jpg'),
(null, 30, 'img/chat/17714373811634318.jpg'),
(null, 30, 'img/chat/16704373811634187.jpg'),
(null, 27, 'img/chat/16715253811634318.jpg'),
(null, 25, 'img/chat/16125973811637190.jpg'),
(null, 25, 'img/chat/17714373811634318.jpg'),
(null, 22, 'img/chat/16704373811634187.jpg'),
(null, 22, 'img/chat/16715253811634318.jpg'),
(null, 21, 'img/chat/16125973811637190.jpg'),
(null, 20, 'img/chat/17714373811634318.jpg'),
(null, 19, 'img/chat/16704373811634187.jpg'),
(null, 17, 'img/chat/16715253811634318.jpg'),
(null, 17, 'img/chat/16125973811637190.jpg'),
(null, 15, 'img/chat/16704373811634187.jpg'),
(null, 13, 'img/chat/16715253811634318.jpg'),
(null, 12, 'img/chat/16125973811637190.jpg'),
(null, 12, 'img/chat/17714373811634318.jpg'),
(null, 11, 'img/chat/16704373811634187.jpg'),
(null, 11, 'img/chat/16715253811634318.jpg'),
(null, 11, 'img/chat/16125973811637190.jpg'),
(null, 10, 'img/chat/17714373811634318.jpg'),
(null, 9, 'img/chat/16704373811634187.jpg'),
(null, 9, 'img/chat/16715253811634318.jpg'),
(null, 9, 'img/chat/16125973811637190.jpg'),
(null, 8, 'img/chat/17714373811634318.jpg'),
(null, 8, 'img/chat/16704373811634187.jpg'),
(null, 6, 'img/chat/16715253811634318.jpg'),
(null, 6, 'img/chat/16125973811637190.jpg'),
(null, 6, 'img/chat/17714373811634318.jpg'),
(null, 5, 'img/chat/16704373811634187.jpg'),
(null, 4, 'img/chat/16715253811634318.jpg'),
(null, 3, 'img/chat/16125973811637190.jpg'),
(null, 3, 'img/chat/17714373811634318.jpg'),
(null, 3, 'img/chat/16704373811634187.jpg'),
(null, 2, 'img/chat/16715253811634318.jpg'),
(null, 1, 'img/chat/16125973811637190.jpg'),
(null, 1, 'img/chat/17714373811634318.jpg');

#社区商城——商品类型
create table zh_goods_type(
    tid int primary key auto_increment,
    tname varchar(32)
);
insert into zh_goods_type values
(1, '折扣'),
(2, '年货精选'),
(3, '品牌精选'),
(4, '新鲜水果'),
(5, '酒水饮料'),
(6, '休闲零食'),
(7, '时令鲜蔬'),
(8, '蛋肉家禽');

#社区商城——商品
create table zh_goods(
    gid int primary key auto_increment,
    typeId int,                         #所属类别编号
    mainPic varchar(256),               #主图
    shortTitle varchar(128),            #简短标题
    goodsName varchar(128),             #商品名称
    descriptions varchar(256),          #简要描述
    originalPrice decimal(10,2),        #原价
    discount decimal(3,2),              #折扣率
    soldCount int,                      #已售数量
    brand varchar(128),                 #品牌
    details varchar(4096),              #详细描述
    isNewYearSelection int,             #是否为“年货精选”  1-是  0-否
    isBrandSelection int                #是否为“品牌精选”  1-是  0-否
);
insert into zh_goods values
(null, 4, 'img/goods/main/b96005fd5a0827a2.jpg','农夫山泉脐橙','农夫山泉 17.5°橙 脐橙 4kg装 铂金果 新鲜水果礼盒','【农夫山泉十余年培育，约10个优质脐橙选出3个铂金果】【34道工序选果，一果一码可溯源】【树上自然熟，酸甜刚刚好，入口化渣】总重8斤粒数随机发', 99.90, 1, 198,'农夫山泉','<div class="gdetails"><div><img src="img/goods/details/d64522893053bf8a.jpg"/></div><div><img src="img/goods/details/f8957a4b384db00a.jpg"/></div><div><img src="img/goods/details/707272dd71bab404.jpg"/></div><div><img src="img/goods/details/394956f9ded2f082.jpg"/></div><div><img src="img/goods/details/0bdd3fc7391c4ead.jpg"/></div><div><img src="img/goods/details/eaf05b8de26f1904.jpg"/></div><div><img src="img/goods/details/a7ac719db538055e.jpg"/></div></div>', 1, 1),
(null, 4, 'img/goods/main/328921366c9cae0e.jpg','小台农芒果','海南小台农芒果新鲜小台芒9斤应当季水果现摘甜心小芒果忙果整箱批发 9斤 精选大果','新鲜小台芒，香甜好吃，10斤批发价特惠装', 38.80, 0.9, 318,'海南台芒','<div class="gdetails"><img src="img/goods/details/b82a8f47c68b43d1.jpg"><img src="img/goods/details/0a19923d9a9d8ea1.jpg"><img src="img/goods/details/ea32a7d41e0fbc07.jpg"><img src="img/goods/details/11aa5fb081235769.jpg"><img src="img/goods/details/d405baa21ca6e2b9.jpg"><img src="img/goods/details/5fa2c7d5f71c5eb5.jpg"><br><br><img src="img/goods/details/44500667a1af2e4f.jpg"><img src="img/goods/details/096b3db4b3ecd8a8.jpg"><img src="img/goods/details/4f48d23fb9e30aa3.jpg"><img src="img/goods/details/eabd8dc8d43a140d.jpg"><br><br><img src="img/goods/details/659ac8e3a59bd514.jpg"><img src="img/goods/details/46eb00739896eca0.jpg"></div>', 0, 1),
(null, 4, 'img/goods/main/a089d38fe421c2fc.jpg','四叔公阳光玫瑰','四叔公果蔬阳光玫瑰葡萄【空运礼盒】一级果礼盒晴王葡萄香印提子水果 2斤（单果10克+）防撞气柱','【1串1斤左右】【品质保障】【可开发票-坏果包赔】品质保障，请点击进入店铺选购更多！', 45.00, 0.95, 151,'四叔公','<div class="gdetails"><img src="img/goods/details/e7e8a3514dc4621b.jpg"><img src="img/goods/details/50a4aba6d7ca6f6a.jpg"><img src="img/goods/details/0f306fb161f71549.jpg"><img src="img/goods/details/4b16421532415e17.jpg"><img src="img/goods/details/10995a0cfc58beed.jpg"><img src="img/goods/details/238d9c725661b381.jpg"><img src="img/goods/details/81da3a46cc8f78e6.jpg"><img src="img/goods/details/3a1f47528813befa.jpg"><img src="img/goods/details/f6494b9171a026d1.jpg"><img src="img/goods/details/20cb92060a0bd85b.jpg"><img src="img/goods/details/9950eff66784514b.jpg"><img src="img/goods/details/10e0b98221e89dcd.jpg"><img src="img/goods/details/e0ca16f9f68fe73c.jpg"><img src="img/goods/details/9ef1e5bb84c35208.jpg"><img src="img/goods/details/40144f6e47ac3178.jpg"></div>', 1, 0),
(null, 4, 'img/goods/main/266d0c8648a18ffd.jpg','泰国山竹','绿农侠泰国进口山竹5A6A大果新鲜水果当季一级油麻竹整箱热带孕妇水果 【同城速运】5-6A特级果-3斤','5-6A大果，多地次日达，鲜甜多汁，泰国进口山竹，孕妇水果', 108.00, 0.75, 298,' 绿农侠（lvnongxia）','<div class="gdetails"><img src="img/goods/details/33e3d74cac847b64.jpg"><img src="img/goods/details/ba7363ceb32593c9.jpg"><img src="img/goods/details/afe57b4376122e71.jpg"><img src="img/goods/details/08a597af7bf7f8dd.jpg"><img src="img/goods/details/285b94fa35b3e7d8.jpg"><img src="img/goods/details/e769b67bad2175d4.jpg"><img src="img/goods/details/e02b37bf96e29f76.jpg"><img src="img/goods/details/db34879778b64325.jpg"><img src="img/goods/details/ca1a489c827a45b6.jpg"><img src="img/goods/details/a75bc05c85847327.jpg"></div>', 1, 1),
(null, 5, 'img/goods/main/f3bc7f885d139cbc.jpg','蒙牛优益C','蒙牛优益C活菌型0脂活性益生菌乳酸菌饮料原味340ml*4 冷藏饮料饮品','下单即享2件8折、3件9折，立即购买！ 【开卡有礼】入会即享100积分+15元优惠券，立即入会！', 26.90, 1, 97,'蒙牛（MENGNIU）','<div class="gdetails"><div><img src="img/goods/details/f312b5750d66dbed.jpg"></div><div><img src="img/goods/details/bceb05d01128c8e3.jpg"></div><div><img src="img/goods/details/6fba2a8ea02afd35.jpg"></div><div><img src="img/goods/details/d65865f3d71aa2b8.jpg"></div><div><img src="img/goods/details/451218a0dc772371.jpg"></div><div><img src="img/goods/details/5c5df10a515c9a89.jpg"></div><div><img src="img/goods/details/f61d19b8eb2311ae.jpg"></div><div><img src="img/goods/details/68a0b56237b60858.jpg"></div></div>', 1, 0),
(null, 5, 'img/goods/main/1c18da6054eabddc.jpg','NFC果汁','农夫山泉 NFC果汁 100%鲜榨果汁 口味任意 300ml 冷藏型 苹果汁*4','纯果汁，无添加，100%鲜国压榨果汁放心喝', 49.90, 0.70, 518,'农夫山泉','<div class="gdetails"><img src="img/goods/details/c2e3d995ab27c4bd.jpg"><img src="img/goods/details/4903a3135c9daf41.jpg"><img src="img/goods/details/75291cd9c9f88d1a.jpg"><img src="img/goods/details/ff49b5a026267205.jpg"><img src="img/goods/details/ff81d78358a8ad1b.jpg"><img src="cca3cbe71f09db2d.jpg"><img src="img/goods/details/9f77d98af891d3af.jpg"><img src="img/goods/details/9217ad19f1035e00.jpg"><img src="img/goods/details/ee028f6d8fb9236e.jpg"><img src="img/goods/details/79ac4f6ac635b0b9.jpg"><img src="img/goods/details/798c445ba57e07ad.jpg"><img src="img/goods/details/3d301950fd640ce2.jpg"><img src="img/goods/details/925c209ab423bbaf.jpg"><img src="img/goods/details/46e0a4d4cbd27df9.jpg"><img src="img/goods/details/3bd9d9267b576227.jpg"><img src="img/goods/details/5a91178523cdb5a5.jpg"><img src="img/goods/details/1bfd8c05b8809776.jpg"><img src="img/goods/details/17c81ccc2f6208ab.jpg"></div>', 0, 1),
(null, 5, 'img/goods/main/048ced36eba76f2c.jpg','味全每日C果汁','味全每日C果汁季节限定当红杨梅夏日果蔬汁饮料餐后餐前饮品夏季饮品 随机口味300ml/瓶*6','新老包装随机发货哦！', 56.80, 0.95, 103,'味全','<div class="gdetails"><img src="img/goods/details/e37cae4b026f34e5.jpg"><img src="img/goods/details/aecbdaee267e9f33.jpg"><img src="img/goods/details/967b63897f949959.jpg"><img src="img/goods/details/255fe6abe9938e7b.jpg"><img src="img/goods/details/abee09f24df9b597.jpg"><img src="img/goods/details/ba4238202a21056f.jpg"><img src="img/goods/details/28c618eefa81e7b9.jpg"><img src="img/goods/details/48e26be666b31658.jpg"><img src="img/goods/details/72f070f0e4f66abb.jpg"><img src="img/goods/details/3bb3f677d83b8ff3.jpg"></div>', 0, 0),
(null, 6, 'img/goods/main/6b853a98c421f3dc.jpg','思念三蒸焖面','思念 三蒸焖面400g/袋冷冻方便速食面条午餐 夜宵微波加热即食面条速食半成品 藤椒鸡卤味焖面360g*5盒','夜宵微波加热即食面条速食半成品', 48.80, 0.8, 117,'思念食品','<div class="gdetails"><img src="img/goods/details/4adb642a0b19eb51.jpg"><img src="img/goods/details/64d8e292eacedda5.jpg"><img src="img/goods/details/779102937990393d.jpg"><img src="img/goods/details/b758570eef38fc4d.jpg"><img src="2ee2e5e68865d458.jpg"></div>', 1, 1),
(null, 6, 'img/goods/main/e2475a95c69c89bd.jpg','和路雪梦龙','和路雪 梦龙浓郁黑巧克力冰淇淋64g*4支','极限美味，梦幻诱惑', 56.90, 1, 281,'梦龙','<div class="gdetails"><img src="img/goods/details/8a9069d9b16eba18.jpg"><img src="img/goods/details/de3ffc267e796608.jpg"><img src="img/goods/details/c37745c8735d037f.jpg"><img src="img/goods/details/027349c0c7414ebd.jpg"><img src="img/goods/details/653671eecfbbfb6e.jpg"><img src="img/goods/details/bbdf47d90f67bef6.jpg"><img src="img/goods/details/fd8d6f42252dedf2.jpg"><img src="img/goods/details/383131a758cc2d51.jpg"><img src="img/goods/details/eaf14e77b68fb5e9.jpg"><img src="img/goods/details/"><img src="img/goods/details/7dc1cae3a28a9f1c.jpg"><img src="img/goods/details/ee9450832b97d702.jpg"><img src="img/goods/details/99b0972528acd75e.jpg"><img src="img/goods/details/5a653c8b4fc03acf.jpg"><img src="img/goods/details/b162d66c2b310652.jpg"></div>', 1, 0),
(null, 6, 'img/goods/main/79868f4956452355.jpg','钟薛高','钟薛高(Chicecream)冰淇淋大都会经典系列组合装 雪糕 生鲜 冷饮 多口味冰激凌 冰糕 10片 冷冻','加赠随机口味棒冰雪糕冰片*1', 149.00, 0.7, 319,'钟薛高（Chicecream）','<div class="gdetails"><img src="img/goods/details/44f8ec072907ad10.jpg"><img src="img/goods/details/8904e210b002feac.jpg"><img src="img/goods/details/c13005ff9467fbb5.jpg"><img src="img/goods/details/9037445bc10c42a3.jpg"><img src="img/goods/details/3210c1c5ab17f170.jpg"><img src="img/goods/details/733a478cff5ad160.jpg"><img src="img/goods/details/7fe9aba6f6eadf3b.jpg"><img src="img/goods/details/70c7f1d0c7d1b164.jpg"><img src="img/goods/details/992a1e1eeacffe8b.jpg"><img src="img/goods/details/4aaee04c068f89e1.jpg"><img src="img/goods/details/a077fdab6b3085ca.jpg"></div>', 0, 1),
(null, 6, 'img/goods/main/ea46e927714e7776.jpg','曼可顿面包胚','曼可顿 新鲜现做汉堡胚面包胚 家用半成品皮材料食材早餐餐饮商用快餐同款汉堡包','快乐早餐，营养专享', 12.90, 0.6, 518,'曼可顿','<div class="gdetails"><img src="img/goods/details/fc992f7d8464852a.jpg"><img src="img/goods/details/1c4bac2cc32cb613.jpg"><img src="img/goods/details/52f906700853da36.jpg"><img src="img/goods/details/5de0f859b224f3a9.jpg"></div>', 1, 1),
(null, 6, 'img/goods/main/febd4d852a0a6101.jpg','曼可顿致使小面包','曼可顿 芝士牛乳小面包 奶酪夹心面包营养早餐食品下午茶点心零食 120g/袋','【工厂鲜做直发，48小时内发货】【包装克重保质期不同以收到实物为准】', 25.80, 0.5, 429,'曼可顿','<div class="gdetails"><img src="img/goods/details/a618041b93bc994f.jpg"><img src="img/goods/details/f14f5aeeb958f2f7.jpg"><img src="img/goods/details/a3b628e0b3968183.jpg"><img src="img/goods/details/cc79eb27341dd1c0.jpg"><img src="img/goods/details/1d6adcb38814884e.jpg"><img src="img/goods/details/6b3da181d17c5a17.jpg"><img src="img/goods/details/745e2221d5931f14.jpg"></div>', 0, 0),
(null, 7, 'img/goods/main/e2f700468f47a091.jpg','山东大白菜','山东大白菜叶菜类农家新鲜蔬菜青菜素菜5斤当即时令小青菜农家自种菜叶批发整颗大白菜 5斤装','农家自种，现摘现发，香甜脆嫩可口，软烂易熟。', 13.90, 0.98, 113,'鲜来拉','<div class="gdetails"><img src="img/goods/details/2918188e73267ea5.jpg"><img src="img/goods/details/0ec4f6d1461d6917.jpg"><img src="img/goods/details/9ecacea4ae6d1a71.jpg"><img src="img/goods/details/49bf74defe940e8a.jpg"><img src="img/goods/details/f652bfe018e43205.jpg"><img src="img/goods/details/8227678a9e96f99e.jpg"><img src="img/goods/details/e1b1ebea491cae8c.jpg"><img src="img/goods/details/6985cdf24ab1aa0f.jpg"><img src="img/goods/details/8483387ec6a3d39d.jpg"></div>', 0, 0),
(null, 7, 'img/goods/main/6ca76bfeb0feea1d.jpg','密云油菜','密云农业 本地自种油菜 300g 新鲜时令蔬菜 小油菜','密云农家蔬菜，每日采摘，鲜摘鲜发', 12.80, 0.55, 286,'密水农家','<div class="gdetails"><img src="img/goods/details/93743592def5822d.jpg"><img src="img/goods/details/5aa775abNd16ceda4.jpg"><br><br><img src="img/goods/details/5ab35072Nd3e584aa.jpg"><img src="img/goods/details/5aa775abN55fdcbea.jpg"><br><br><img src="img/goods/details/5aa775acN67006e26.jpg"><img src="img/goods/details/5aa775acN2b7499fb.jpg"></div>', 1, 0),
(null, 7, 'img/goods/main/1f19a4dc71e7ce1b.jpg','果萌芽大西芹','果萌芽 大西芹 严选5斤 新鲜去半叶大颗 榨汁脆嫩无丝 农户自种 产地直发','每日只摘取第一茬新鲜', 24.90, 0.6, 311,'果萌芽','<div class="gdetails"><img src="img/goods/details/52212a3c05821cca.jpg"><img src="img/goods/details/e6fc460001e96a05.jpg"><img src="img/goods/details/972313872fe757ba.jpg"><img src="img/goods/details/678b7da66a78ecff.jpg"><img src="img/goods/details/4a408453109023c9.jpg"><img src="img/goods/details/1dccfdfa7fdcb1ed.jpg"><img src="img/goods/details/515357588fd71a68.jpg"><img src="img/goods/details/https://img30.360buyimg.com/sku/jfs/t1/17562/7/17664/89541/63089209E8f75d108/24578a40c95fc651.jpg"></div>', 0, 1),
(null, 7, 'img/goods/main/03b1a99565a81248.jpg','有机汇鸡蛋','有机汇 散养鸡蛋30枚装 纯粮鸡蛋 当天捡拾 农场散养 纯粮喂养 零抗生素 宝宝孕产妇鸡蛋 30枚装','【放心蛋：无激素、无抗生素、无色素，定期检测，放心吃】【散养蛋：50亩有机农场散养，让母鸡充分活动，真散养】【新鲜蛋：当日新捡，蛋清清亮蛋黄浓香】', 109.00, 0.8, 612,'有机汇','<div class="gdetails"><img src="img/goods/details/81099bc1d6d7a2d1.jpg"><img src="img/goods/details/cec7028c441a9c0e.jpg"><img src="img/goods/details/5b019e1ca8556286.jpg"><img src="img/goods/details/828a2a3397a2c843.jpg"><img src="img/goods/details/a7e8172b394dd1c2.jpg"><img src="img/goods/details/79fa3ab07f4e5ad5.jpg"><img src="img/goods/details/7b10c1318677d4f5.jpg"><img src="img/goods/details/f7262e9db3758544.jpg"><img src="img/goods/details/961b64e7cc985fc2.jpg"></div>', 1, 1),
(null, 7, 'img/goods/main/77a75266b9fd30de.jpg','密农人家酸菜','密农人家 传统老口感酸菜 正宗无添加 东北酸菜 新鲜腌制 2斤 酸菜2斤','本地农家酸菜【2份减20，包邮到家】精选原料，新鲜美味，礼盒装', 16.80, 1, 13,'密农人家','<div class="gdetails"><img src="img/goods/details/ae69aa224f7d9006.jpg"><img src="img/goods/details/1f526d9e6b0be0aa.jpg"><img src="img/goods/details/f36109420c87dadf.jpg"><img src="img/goods/details/82a53dc4431d0107.jpg"><img src="img/goods/details/07a475efd634746d.jpg"><img src="img/goods/details/87312ada8250931e.jpg"><img src="img/goods/details/041097dcc0e5f0e8.jpg"></div>', 1, 1),
(null, 7, 'img/goods/main/cb8717a916d06dc1.jpg','沙窝紫甘蓝','卫青沙窝 紫甘蓝包菜卷心菜叶菜类新鲜蔬菜沙拉 健康轻食 5斤装','新鲜产地直发，沙拉好搭档', 18.50, 0.9, 186,'卫青沙窝','<div class="gdetails"><img src="img/goods/details/35baceba151b490a.jpg"><img src="img/goods/details/5a041162f253b0b8.jpg"><img src="img/goods/details/fc67982bc5ed8894.jpg"><img src="img/goods/details/f3dca54f7f6cdf71.jpg"><img src="img/goods/details/76a763a6f702ce40.jpg"><img src="img/goods/details/37538641d037255d.jpg"><img src="img/goods/details/f4bba321baf22f0c.jpg"><img src="img/goods/details/8b467575779406c9.jpg"><img src="img/goods/details/6aa8e2f9778dbacb.jpg"></div>', 1, 0),
(null, 7, 'img/goods/main/45cfac0f28ff5fd3.jpg','苏北豌豆尖','乔诚苏北农家露天霜冻嫩豌豆尖豌豆苗新鲜蔬菜龙须菜烫火锅叶菜 4斤装','现摘现发，保证新鲜', 29.90, 0.78, 118,'乔诚','<div class="gdetails"><img src="img/goods/details/26b8977936abea4d.jpg"><img src="img/goods/details/6df2ad95f4f631de.jpg"><img src="img/goods/details/0c691af8688da3aa.jpg"><img src="img/goods/details/54aed43a2bc1e8c9.jpg"><img src="img/goods/details/956e260c8a5455e2.jpg"><img src="img/goods/details/632af4d3e5b3e33a.jpg"><img src="img/goods/details/18c40ae2ddc1dae2.jpg"><img src="img/goods/details/e48004c3c06a294b.jpg"><img src="img/goods/details/31cb275624fe7d1e.jpg"><img src="img/goods/details/f94d4708ffb477c8.jpg"><img src="img/goods/details/a3ed8626d91f820e.jpg"></div>', 0, 1),
(null, 8, 'img/goods/main/d2a055ecc00cb80e.jpg','生鲜土猪肉','跑山密水农家 生鲜土猪肉 国产新鲜五花肉 生鲜生猪肉500g','跑山林间土猪，四重冷鲜保护，美味鲜到家跑山猪肋排400g,拍三份送脊骨1斤', 43.50, 0.85, 133,'跑山密水农家','<div class="gdetails"><img src="img/goods/details/93743592def5822d.jpg"><img src="img/goods/details/582f154d7ed37102.jpg"><img src="img/goods/details/fb71793127234e1e.jpg"><img src="img/goods/details/ceccb8427a454868.jpg"><img src="img/goods/details/452cef2b2acb5000.jpg"><img src="img/goods/details/37e109934c3f403e.jpg"><img src="img/goods/details/693c690386099385.jpg"><img src="img/goods/details/86574627922cf9a7.jpg"><img src="img/goods/details/a2bfc0239a100eb3.jpg"><img src="img/goods/details/70e075b15fe570a9.jpg"></div>', 0, 1),
(null, 8, 'img/goods/main/30f71947e8556a59.jpg','菲力小牛排','春禾秋牧联名款 菲力原切小牛排10片/1kg 健身食材 澳洲S级 草饲牛肉 生鲜冷冻 买手精选','全球好味，精挑细选，爆款直降，部分3件7折。好物稀缺，点击速买', 148, 1, 18,'春禾秋牧','<div class="gdetails"><img src="img/goods/details/5abe2e8ee73da84f.jpg"><img src="img/goods/details/632034909f8f5d6f.jpg"><img src="img/goods/details/3382ab7a38ff0cc7.jpg"><img src="img/goods/details/ffa4326fae09e7b9.jpg"><img src="img/goods/details/8c614f50e35dc052.jpg"><img src="img/goods/details/72c1bfc688b91308.jpg"><img src="img/goods/details/21ad0a1554647ee2.jpg"><img src="img/goods/details/d85fbf5b7bcb13d0.jpg"><img src="img/goods/details/1bdee0a56e54c05a.jpg"><img src="img/goods/details/d23d2c31f6b20cda.jpg"></div>', 1, 0),
(null, 8, 'img/goods/main/d78d02bf3e2bc08a.jpg','内蒙羊肉','西牛优选(Xi Niu You Xuan)羊肉生鲜新鲜现杀半只羊排内蒙古蝎子烧烤羊腿火锅食材年货礼盒 羊蝎子4斤','草原散养乳羔羊羊蝎子·无污染无添加', 228, 0.55, 641,'西牛优选（XiNiuYouXuan）','<div class="gdetails"><img src="img/goods/details/300ff04755cf6d7b.jpg"><img src="img/goods/details/0eabad5b47043544.jpg"><img src="img/goods/details/45c082d064013be6.jpg"><img src="img/goods/details/4a6d98889a1c95d1.jpg"><img src="img/goods/details/623e48a7ff29bfe0.jpg"><img src="img/goods/details/f9f37bc5e9c656ac.jpg"><img src="img/goods/details/2d754e89ccf1ec12.jpg"><img src="img/goods/details/fc8e770494a49f33.jpg"><img src="img/goods/details/7f797f050657a5ca.jpg"><img src="img/goods/details/2767c92d5e8858dc.jpg"></div>', 1, 1),
(null, 8, 'img/goods/main/8804e9387fee0046.jpg','吮指鸡块','大希地 吮指黑椒鸡块1kg 半成品炸鸡 空气炸锅食材 鸡肉生鲜 冷冻食品','【大希地鸡排】精选自养农场健康鸡肉，轻食健身好食材，正反煎制2-3分钟即可开吃', 60, 0.5, 698,'大希地','<div class="gdetails"><img src="img/goods/details/6752aeae6ebd2063.jpg"><img src="img/goods/details/b88ca5bcaafade99.jpg"><img src="img/goods/details/66a0053a87f3a898.jpg"><img src="img/goods/details/fc69452e70d2f603.jpg"><img src="img/goods/details/292928763eb0d88e.jpg"><img src="img/goods/details/5e6a6adc09ca0754.jpg"><img src="img/goods/details/f3df18f10bfcf0fd.jpg"><img src="img/goods/details/e5e992efa243e35c.jpg"><img src="img/goods/details/00021d9541c5f77b.jpg"></div>', 1, 1),
(null, 8, 'img/goods/main/aae04a397231cf98.jpg','国联黄花鱼','GUO LIAN国联 三去黄花鱼 1kg 2条 国产东海大黄鱼 产地直供 袋装 生鲜','国联水产，上市大企。精选东海黄花鱼，鲜活加工，去鳞去腮去内脏，皮薄少刺，2条装装更实惠', 179, 0.4, 982,'GUO LIAN','<div class="gdetails"><img src="img/goods/details/f2db42084f719fe3.jpg"><img src="img/goods/details/https://img30.360buyimg.com/sku/jfs/t1/144546/26/30443/47640/635644d2E3701c222/b9c3ac482257b4ea.jpg"><img src="img/goods/details/0e5691ce2b145066.jpg"><img src="img/goods/details/8abc8a7c79aabe93.jpg"><img src="img/goods/details/d0dc1654afc13f33.jpg"><img src="img/goods/details/865643a17b9ca947.jpg"><img src="img/goods/details/ef70f490e7da4ec8.jpg"><img src="img/goods/details/3710f6bd3e4e3a3b.jpg"><img src="img/goods/details/f29a925d8dd47d43.jpg"></div>', 0, 0),
(null, 8, 'img/goods/main/1f290d1c98183486.jpg','大闸蟹礼盒','【活蟹】今锦上 大闸蟹鲜活礼盒 公4.2-4.5两 母2.7-3.0两 4对8只 精品螃蟹鲜活礼盒 去绳足重 海鲜水产','鲜活大闸蟹礼盒，下单立减，产地直发，黄满膏肥，全程冷链，锁鲜到家，死蟹包赔！', 268.00, 0.9, 176,'今锦上','<div class="gdetails"><img src="img/goods/details/2bed8623ad12e596.jpg"><img src="img/goods/details/60d6e75a86240150.jpg"><img src="img/goods/details/a7e0131c382a6e6c.jpg"><img src="img/goods/details/5145a534d54d706a.jpg"><img src="img/goods/details/b629b332b2ba155d.jpg"><img src="img/goods/details/33689e6789837d63.jpg"><img src="img/goods/details/08e390aa5382b6c8.jpg"><img src="img/goods/details/66b58112bcc0117c.jpg"><img src="img/goods/details/0f47138355905f38.jpg"><img src="img/goods/details/63d9e1697c532250.jpg"></div>', 1, 1),
(null, 8, 'img/goods/main/d0948013322282e0.jpg','国联大虾礼盒','GUO LIAN国联 国产大虾 净重1.8kg 90-108只 盒装活冻 海鲜烧烤家庭食材','国联水产，上市大企。国产鲜美白虾，去冰净重3.6斤。虾体口感鲜嫩甜美，极易烹饪入味，蒸炒煎焖样样都行', 119, 0.95, 87,'GUO LIAN','<div class="gdetails"><img src="img/goods/details/bef354287bd5616d.jpg"><img src="img/goods/details/bab22361111cf49e.png"><img src="img/goods/details/7de2a6da8b56d4a3.jpg"><img src="img/goods/details/ef7888ae72cba243.jpg"><img src="img/goods/details/7534385ebcf41b51.jpg"><img src="img/goods/details/af4c0b1b460b3abd.jpg"><img src="img/goods/details/cbc88ed03c1f11ed.jpg"><img src="img/goods/details/0606a7e316a99dd7.jpg"></div>', 1, 1);


#系统权限
create table zh_privilege(
    pid int primary key auto_increment,
    pname varchar(128),
    path varchar(512),
    parentId int,
    icon varchar(256)
);
insert into zh_privilege values
(1, '首页', '/admin', 0, 'home'),
(2, '智慧物业', '', 0, 'building'),
(3, '社区医疗', '', 0, 'medical'),
(4, '智能应用', '', 0, 'category'),
(5, '数据统计', '', 0, 'chart'),
(6, '基本信息', '', 0, 'basic'),
(7, '系统管理', '', 0, 'layers'),
(8, '物业缴费', '/admin/property/fee/pay', 2, null),
(9, '缴费查询', '/admin/property/fee/query', 2, null),
(10, '故障报修', '/admin/property/repair', 2, null),
(11, '公告管理', '/admin/property/notice', 2, null),
(12, '预约挂号', '/admin/medical/register', 3, null),
(13, '健康小贴士', '/admin/medical/tip', 3, null),
(14, '医生简介', '/admin/medical/doctor', 3, null),
(15, '智能停车', '', 4, null),
(16, '智能开门', '/admin/intelligent/door', 4, null),
(17, '车位录入', '/admin/intelligent/parking/space', 15, null),
(18, '车辆管理', '/admin/intelligent/parking/vehicle', 15, null),
(19, '停车记录', '/admin/intelligent/parking/record', 15, null),
(20, '房屋分类统计', '/admin/statistics/house', 5, null),
(21, '缴费分析统计', '/admin/statistics/fee', 5, null),
(22, '房屋信息', '/admin/baseinfo/house', 6, null),
(23, '人口信息', '/admin/baseinfo/resident', 6, null),
(24, '设备信息', '/admin/baseinfo/device', 6, null),
(25, '电子地图', '/admin/baseinfo/map', 6, null),
(26, '用户管理', '/admin/sysadmin/user', 7, null),
(27, '角色管理', '/admin/sysadmin/role', 7, null),
(28, '权限管理', '/admin/sysadmin/privilege', 7, null);

#系统用户角色
create table zh_role(
    rid int primary key auto_increment,
    rname varchar(128),
    description varchar(256)
);
insert into zh_role values
(1, '系统管理员', '管理系统各项事务'),
(2, '社区管理员', '社区日常管理操作'),
(3, '运维人员', '管理系统角色及用户'),
(4, '物业人员', '物业管理角色');

#系统用户角色
create table zh_role_privilege(
    rpid int primary key auto_increment,
    roleId int,
    privilegeId int
);
insert into zh_role_privilege values
(null, 1, 1),
(null, 1, 2),
(null, 1, 3),
(null, 1, 4),
(null, 1, 5),
(null, 1, 6),
(null, 1, 7),
(null, 1, 8),
(null, 1, 9),
(null, 1, 10),
(null, 1, 11),
(null, 1, 12),
(null, 1, 13),
(null, 1, 14),
(null, 1, 15),
(null, 1, 16),
(null, 1, 17),
(null, 1, 18),
(null, 1, 19),
(null, 1, 20),
(null, 1, 21),
(null, 1, 22),
(null, 1, 23),
(null, 1, 24),
(null, 1, 25),
(null, 1, 26),
(null, 1, 27),
(null, 1, 28),
(null, 2, 1),
(null, 2, 2),
(null, 2, 8),
(null, 2, 9),
(null, 2, 11),
(null, 2, 7),
(null, 2, 26),
(null, 2, 27),
(null, 3, 1),
(null, 3, 7),
(null, 3, 26),
(null, 3, 27),
(null, 4, 1),
(null, 4, 2),
(null, 4, 8),
(null, 4, 9),
(null, 4, 10),
(null, 4, 11),
(null, 4, 3),
(null, 4, 12),
(null, 4, 13),
(null, 4, 4),
(null, 4, 15),
(null, 4, 7),
(null, 4, 27);

#管理员
create table zh_admin(
    aid int primary key auto_increment,
    aname varchar(128),
    apwd varchar(256),
    avatar varchar(256),
    userName varchar(128),
    phone varchar(32),
    notes varchar(128),
    roleId int
);
insert into zh_admin values
(null, 'jianguo', password('123456'), 'img/user.png', '李建国', '13601234567','李建国', 1),
(null, 'jiandang', password('123456'), 'img/user.png', '王建军', '13601234568','王建军', 1),
(null, 'jianjun', password('123456'), 'img/user.png', '孙建军', '13601234569','孙建军', 1),
(null, 'xiaoya', password('123456'), 'img/user.png', '丁小雅', '13701234567','丁小雅', 2),
(null, 'xiaoling', password('123456'), 'img/user.png', '张晓玲', '13701234568','张晓玲', 2),
(null, 'xiaoxuan', password('123456'), 'img/user.png', '刘晓萱', '13701234569','刘晓萱', 2),
(null, 'dazhuang', password('123456'), 'img/user.png', '廖大壮', '13801234567','李建国', 3),
(null, 'daqiang', password('123456'), 'img/user.png', '赵大强', '13801234568','李建国', 3),
(null, 'aimin', password('123456'), 'img/user.png', '毛爱民', '13901234567','毛爱民', 4);


